{"165":{"address":"Pav\u00eda - Espad\u00e1n","open":true,"available":20,"free":0,"total":20,"updated_at":"01\/05\/2025 18:10:00","lat":39.471409299035706,"lon":-0.3245702116150898},"18":{"address":"Col\u00f3n 20-22","open":true,"available":15,"free":9,"total":24,"updated_at":"01\/05\/2025 18:10:00","lat":39.468191311513856,"lon":-0.37312937987373457},"123":{"address":"Alboc\u00e1cer - Vinaroz","open":true,"available":8,"free":12,"total":20,"updated_at":"01\/05\/2025 18:10:00","lat":39.487671371814656,"lon":-0.36484133609518726},"133":{"address":"Alfambra - Poeta Monmeneu","open":true,"available":4,"free":11,"total":15,"updated_at":"01\/05\/2025 18:10:00","lat":39.48275636079257,"lon":-0.37588237827023757},"20":{"address":"Quart - Fernando el Cat\u00f3lico","open":true,"available":5,"free":11,"total":16,"updated_at":"01\/05\/2025 18:10:00","lat":39.47503434099054,"lon":-0.3878474253260651}}